symbol,name,industry,index
HDFCBANK,HDFC Bank Ltd.,Financial Services,NIFTY200
ICICIBANK,ICICI Bank Ltd.,Financial Services,NIFTY200
RELIANCE,Reliance Industries Ltd.,Oil Gas & Consumable Fuels,NIFTY200
BHARTIARTL,Bharti Airtel Ltd.,Telecommunication,NIFTY200
LT,Larsen & Toubro Ltd.,Construction,NIFTY200
SBIN,State Bank of India,Financial Services,NIFTY200
INFY,Infosys Ltd.,Information Technology,NIFTY200
AXISBANK,Axis Bank Ltd.,Financial Services,NIFTY200
KOTAKBANK,Kotak Mahindra Bank Ltd.,Financial Services,NIFTY200
M&M,Mahindra & Mahindra Ltd.,Automobile and Auto Components,NIFTY200
360ONE,360 ONE WAM Ltd.,Financial Services,NIFTY200
ABB,ABB India Ltd.,Capital Goods,NIFTY200
APLAPOLLO,APL Apollo Tubes Ltd.,Capital Goods,NIFTY200
AUBANK,AU Small Finance Bank Ltd.,Financial Services,NIFTY200
ADANIENSOL,Adani Energy Solutions Ltd.,Power,NIFTY200
ADANIENT,Adani Enterprises Ltd.,Metals & Mining,NIFTY200
ADANIGREEN,Adani Green Energy Ltd.,Power,NIFTY200
ADANIPORTS,Adani Ports and Special Economic Zone Ltd.,Services,NIFTY200
ADANIPOWER,Adani Power Ltd.,Power,NIFTY200
ATGL,Adani Total Gas Ltd.,Oil Gas & Consumable Fuels,NIFTY200
ABCAPITAL,Aditya Birla Capital Ltd.,Financial Services,NIFTY200
ALKEM,Alkem Laboratories Ltd.,Healthcare,NIFTY200
AMBUJACEM,Ambuja Cements Ltd.,Construction Materials,NIFTY200
APOLLOHOSP,Apollo Hospitals Enterprise Ltd.,Healthcare,NIFTY200
ASHOKLEY,Ashok Leyland Ltd.,Capital Goods,NIFTY200
ASIANPAINT,Asian Paints Ltd.,Consumer Durables,NIFTY200
ASTRAL,Astral Ltd.,Capital Goods,NIFTY200
AUROPHARMA,Aurobindo Pharma Ltd.,Healthcare,NIFTY200
DMART,Avenue Supermarts Ltd.,Consumer Services,NIFTY200
BSE,BSE Ltd.,Financial Services,NIFTY200
BAJAJ-AUTO,Bajaj Auto Ltd.,Automobile and Auto Components,NIFTY200
BAJFINANCE,Bajaj Finance Ltd.,Financial Services,NIFTY200
BAJAJFINSV,Bajaj Finserv Ltd.,Financial Services,NIFTY200
BAJAJHLDNG,Bajaj Holdings & Investment Ltd.,Financial Services,NIFTY200
BANKBARODA,Bank of Baroda,Financial Services,NIFTY200
BANKINDIA,Bank of India,Financial Services,NIFTY200
BDL,Bharat Dynamics Ltd.,Capital Goods,NIFTY200
BEL,Bharat Electronics Ltd.,Capital Goods,NIFTY200
BHARATFORG,Bharat Forge Ltd.,Automobile and Auto Components,NIFTY200
BHEL,Bharat Heavy Electricals Ltd.,Capital Goods,NIFTY200
BPCL,Bharat Petroleum Corporation Ltd.,Oil Gas & Consumable Fuels,NIFTY200
GROWW,Billionbrains Garage Ventures Ltd.,Financial Services,NIFTY200
BIOCON,Biocon Ltd.,Healthcare,NIFTY200
BLUESTARCO,Blue Star Ltd.,Consumer Durables,NIFTY200
BOSCHLTD,Bosch Ltd.,Automobile and Auto Components,NIFTY200
BRITANNIA,Britannia Industries Ltd.,Fast Moving Consumer Goods,NIFTY200
CGPOWER,CG Power and Industrial Solutions Ltd.,Capital Goods,NIFTY200
CANBK,Canara Bank,Financial Services,NIFTY200
CHOLAFIN,Cholamandalam Investment and Finance Company Ltd.,Financial Services,NIFTY200
CIPLA,Cipla Ltd.,Healthcare,NIFTY200
COALINDIA,Coal India Ltd.,Oil Gas & Consumable Fuels,NIFTY200
COCHINSHIP,Cochin Shipyard Ltd.,Capital Goods,NIFTY200
COFORGE,Coforge Ltd.,Information Technology,NIFTY200
COLPAL,Colgate Palmolive (India) Ltd.,Fast Moving Consumer Goods,NIFTY200
CONCOR,Container Corporation of India Ltd.,Services,NIFTY200
COROMANDEL,Coromandel International Ltd.,Chemicals,NIFTY200
CUMMINSIND,Cummins India Ltd.,Capital Goods,NIFTY200
DLF,DLF Ltd.,Realty,NIFTY200
DABUR,Dabur India Ltd.,Fast Moving Consumer Goods,NIFTY200
DIVISLAB,Divi's Laboratories Ltd.,Healthcare,NIFTY200
DIXON,Dixon Technologies (India) Ltd.,Consumer Durables,NIFTY200
DRREDDY,Dr. Reddy's Laboratories Ltd.,Healthcare,NIFTY200
EICHERMOT,Eicher Motors Ltd.,Automobile and Auto Components,NIFTY200
ETERNAL,Eternal Ltd.,Consumer Services,NIFTY200
EXIDEIND,Exide Industries Ltd.,Automobile and Auto Components,NIFTY200
NYKAA,FSN E-Commerce Ventures Ltd.,Consumer Services,NIFTY200
FEDERALBNK,Federal Bank Ltd.,Financial Services,NIFTY200
FORTIS,Fortis Healthcare Ltd.,Healthcare,NIFTY200
GAIL,GAIL (India) Ltd.,Oil Gas & Consumable Fuels,NIFTY200
GVT&D,GE Vernova T&D India Ltd.,Capital Goods,NIFTY200
GMRAIRPORT,GMR Airports Ltd.,Services,NIFTY200
GLENMARK,Glenmark Pharmaceuticals Ltd.,Healthcare,NIFTY200
GODFRYPHLP,Godfrey Phillips India Ltd.,Fast Moving Consumer Goods,NIFTY200
GODREJCP,Godrej Consumer Products Ltd.,Fast Moving Consumer Goods,NIFTY200
GODREJPROP,Godrej Properties Ltd.,Realty,NIFTY200
GRASIM,Grasim Industries Ltd.,Construction Materials,NIFTY200
HCLTECH,HCL Technologies Ltd.,Information Technology,NIFTY200
HDFCAMC,HDFC Asset Management Company Ltd.,Financial Services,NIFTY200
HDFCLIFE,HDFC Life Insurance Company Ltd.,Financial Services,NIFTY200
HAVELLS,Havells India Ltd.,Consumer Durables,NIFTY200
HEROMOTOCO,Hero MotoCorp Ltd.,Automobile and Auto Components,NIFTY200
HINDALCO,Hindalco Industries Ltd.,Metals & Mining,NIFTY200
HAL,Hindustan Aeronautics Ltd.,Capital Goods,NIFTY200
HINDPETRO,Hindustan Petroleum Corporation Ltd.,Oil Gas & Consumable Fuels,NIFTY200
HINDUNILVR,Hindustan Unilever Ltd.,Fast Moving Consumer Goods,NIFTY200
HINDZINC,Hindustan Zinc Ltd.,Metals & Mining,NIFTY200
POWERINDIA,Hitachi Energy India Ltd.,Capital Goods,NIFTY200
HUDCO,Housing & Urban Development Corporation Ltd.,Financial Services,NIFTY200
HYUNDAI,Hyundai Motor India Ltd.,Automobile and Auto Components,NIFTY200
ICICIGI,ICICI Lombard General Insurance Company Ltd.,Financial Services,NIFTY200
ICICIAMC,ICICI Prudential Asset Management Company Ltd.,Financial Services,NIFTY200
IDFCFIRSTB,IDFC First Bank Ltd.,Financial Services,NIFTY200
ITC,ITC Ltd.,Fast Moving Consumer Goods,NIFTY200
INDIANB,Indian Bank,Financial Services,NIFTY200
INDHOTEL,Indian Hotels Co. Ltd.,Consumer Services,NIFTY200
IOC,Indian Oil Corporation Ltd.,Oil Gas & Consumable Fuels,NIFTY200
IRCTC,Indian Railway Catering And Tourism Corporation Ltd.,Consumer Services,NIFTY200
IRFC,Indian Railway Finance Corporation Ltd.,Financial Services,NIFTY200
IREDA,Indian Renewable Energy Development Agency Ltd.,Financial Services,NIFTY200
INDUSTOWER,Indus Towers Ltd.,Telecommunication,NIFTY200
INDUSINDBK,IndusInd Bank Ltd.,Financial Services,NIFTY200
NAUKRI,Info Edge (India) Ltd.,Consumer Services,NIFTY200
INDIGO,InterGlobe Aviation Ltd.,Services,NIFTY200
JSWENERGY,JSW Energy Ltd.,Power,NIFTY200
JSWSTEEL,JSW Steel Ltd.,Metals & Mining,NIFTY200
JINDALSTEL,Jindal Steel Ltd.,Metals & Mining,NIFTY200
JIOFIN,Jio Financial Services Ltd.,Financial Services,NIFTY200
JUBLFOOD,Jubilant Foodworks Ltd.,Consumer Services,NIFTY200
KEI,KEI Industries Ltd.,Capital Goods,NIFTY200
KPITTECH,KPIT Technologies Ltd.,Information Technology,NIFTY200
KALYANKJIL,Kalyan Jewellers India Ltd.,Consumer Durables,NIFTY200
LTF,L&T Finance Ltd.,Financial Services,NIFTY200
LGEINDIA,LG Electronics India Ltd.,Consumer Durables,NIFTY200
LICHSGFIN,LIC Housing Finance Ltd.,Financial Services,NIFTY200
LTM,LTM Ltd.,Information Technology,NIFTY200
LAURUSLABS,Laurus Labs Ltd.,Healthcare,NIFTY200
LENSKART,Lenskart Solutions Ltd.,Consumer Services,NIFTY200
LODHA,Lodha Developers Ltd.,Realty,NIFTY200
LUPIN,Lupin Ltd.,Healthcare,NIFTY200
MRF,MRF Ltd.,Automobile and Auto Components,NIFTY200
M&MFIN,Mahindra & Mahindra Financial Services Ltd.,Financial Services,NIFTY200
MANKIND,Mankind Pharma Ltd.,Healthcare,NIFTY200
MARICO,Marico Ltd.,Fast Moving Consumer Goods,NIFTY200
MARUTI,Maruti Suzuki India Ltd.,Automobile and Auto Components,NIFTY200
MFSL,Max Financial Services Ltd.,Financial Services,NIFTY200
MAXHEALTH,Max Healthcare Institute Ltd.,Healthcare,NIFTY200
MAZDOCK,Mazagoan Dock Shipbuilders Ltd.,Capital Goods,NIFTY200
MOTILALOFS,Motilal Oswal Financial Services Ltd.,Financial Services,NIFTY200
MPHASIS,MphasiS Ltd.,Information Technology,NIFTY200
MCX,Multi Commodity Exchange of India Ltd.,Financial Services,NIFTY200
MUTHOOTFIN,Muthoot Finance Ltd.,Financial Services,NIFTY200
NHPC,NHPC Ltd.,Power,NIFTY200
NMDC,NMDC Ltd.,Metals & Mining,NIFTY200
NTPC,NTPC Ltd.,Power,NIFTY200
NATIONALUM,National Aluminium Co. Ltd.,Metals & Mining,NIFTY200
NESTLEIND,Nestle India Ltd.,Fast Moving Consumer Goods,NIFTY200
OBEROIRLTY,Oberoi Realty Ltd.,Realty,NIFTY200
ONGC,Oil & Natural Gas Corporation Ltd.,Oil Gas & Consumable Fuels,NIFTY200
OIL,Oil India Ltd.,Oil Gas & Consumable Fuels,NIFTY200
PAYTM,One 97 Communications Ltd.,Financial Services,NIFTY200
OFSS,Oracle Financial Services Software Ltd.,Information Technology,NIFTY200
POLICYBZR,PB Fintech Ltd.,Financial Services,NIFTY200
PIIND,PI Industries Ltd.,Chemicals,NIFTY200
PAGEIND,Page Industries Ltd.,Textiles,NIFTY200
PATANJALI,Patanjali Foods Ltd.,Fast Moving Consumer Goods,NIFTY200
PERSISTENT,Persistent Systems Ltd.,Information Technology,NIFTY200
PHOENIXLTD,Phoenix Mills Ltd.,Realty,NIFTY200
PIDILITIND,Pidilite Industries Ltd.,Chemicals,NIFTY200
POLYCAB,Polycab India Ltd.,Capital Goods,NIFTY200
PFC,Power Finance Corporation Ltd.,Financial Services,NIFTY200
POWERGRID,Power Grid Corporation of India Ltd.,Power,NIFTY200
PREMIERENE,Premier Energies Ltd.,Capital Goods,NIFTY200
PRESTIGE,Prestige Estates Projects Ltd.,Realty,NIFTY200
PNB,Punjab National Bank,Financial Services,NIFTY200
RECLTD,REC Ltd.,Financial Services,NIFTY200
RADICO,Radico Khaitan Ltd,Fast Moving Consumer Goods,NIFTY200
RVNL,Rail Vikas Nigam Ltd.,Construction,NIFTY200
SBICARD,SBI Cards and Payment Services Ltd.,Financial Services,NIFTY200
SBILIFE,SBI Life Insurance Company Ltd.,Financial Services,NIFTY200
SRF,SRF Ltd.,Chemicals,NIFTY200
MOTHERSON,Samvardhana Motherson International Ltd.,Automobile and Auto Components,NIFTY200
SHREECEM,Shree Cement Ltd.,Construction Materials,NIFTY200
SHRIRAMFIN,Shriram Finance Ltd.,Financial Services,NIFTY200
ENRIN,Siemens Energy India Ltd.,Capital Goods,NIFTY200
SIEMENS,Siemens Ltd.,Capital Goods,NIFTY200
SOLARINDS,Solar Industries India Ltd.,Chemicals,NIFTY200
SAIL,Steel Authority of India Ltd.,Metals & Mining,NIFTY200
SUNPHARMA,Sun Pharmaceutical Industries Ltd.,Healthcare,NIFTY200
SUPREMEIND,Supreme Industries Ltd.,Capital Goods,NIFTY200
SUZLON,Suzlon Energy Ltd.,Capital Goods,NIFTY200
SWIGGY,Swiggy Ltd.,Consumer Services,NIFTY200
TVSMOTOR,TVS Motor Company Ltd.,Automobile and Auto Components,NIFTY200
TATACAP,Tata Capital Ltd.,Financial Services,NIFTY200
TATACOMM,Tata Communications Ltd.,Telecommunication,NIFTY200
TCS,Tata Consultancy Services Ltd.,Information Technology,NIFTY200
TATACONSUM,Tata Consumer Products Ltd.,Fast Moving Consumer Goods,NIFTY200
TATAELXSI,Tata Elxsi Ltd.,Information Technology,NIFTY200
TATAINVEST,Tata Investment Corporation Ltd.,Financial Services,NIFTY200
TMCV,Tata Motors Ltd.,Capital Goods,NIFTY200
TMPV,Tata Motors Passenger Vehicles Ltd.,Automobile and Auto Components,NIFTY200
TATAPOWER,Tata Power Co. Ltd.,Power,NIFTY200
TATASTEEL,Tata Steel Ltd.,Metals & Mining,NIFTY200
TECHM,Tech Mahindra Ltd.,Information Technology,NIFTY200
TITAN,Titan Company Ltd.,Consumer Durables,NIFTY200
TORNTPHARM,Torrent Pharmaceuticals Ltd.,Healthcare,NIFTY200
TRENT,Trent Ltd.,Consumer Services,NIFTY200
TIINDIA,Tube Investments of India Ltd.,Automobile and Auto Components,NIFTY200
UPL,UPL Ltd.,Chemicals,NIFTY200
ULTRACEMCO,UltraTech Cement Ltd.,Construction Materials,NIFTY200
UNIONBANK,Union Bank of India,Financial Services,NIFTY200
UNITDSPR,United Spirits Ltd.,Fast Moving Consumer Goods,NIFTY200
VBL,Varun Beverages Ltd.,Fast Moving Consumer Goods,NIFTY200
VEDL,Vedanta Ltd.,Metals & Mining,NIFTY200
VMM,Vishal Mega Mart Ltd.,Consumer Services,NIFTY200
IDEA,Vodafone Idea Ltd.,Telecommunication,NIFTY200
VOLTAS,Voltas Ltd.,Consumer Durables,NIFTY200
WAAREEENER,Waaree Energies Ltd.,Capital Goods,NIFTY200
WIPRO,Wipro Ltd.,Information Technology,NIFTY200
YESBANK,Yes Bank Ltd.,Financial Services,NIFTY200
ZYDUSLIFE,Zydus Lifesciences Ltd.,Healthcare,NIFTY200
